Journal Name,CFP title,CFP authors,Due date,Link to CFP details page
[Redacted],[Redacted],[Redacted],[Redacted],[Redacted]
[Redacted],[Redacted],[Redacted],[Redacted],[Redacted]
[Redacted],[Redacted],[Redacted],[Redacted],[Redacted]
[Redacted],[Redacted],[Redacted],[Redacted],[Redacted]
[Redacted],[Redacted],[Redacted],[Redacted],[Redacted]
[Redacted],[Redacted],[Redacted],[Redacted],[Redacted]
[Redacted],[Redacted],[Redacted],[Redacted],[Redacted]
[Redacted],[Redacted],[Redacted],[Redacted],[Redacted]
[Redacted],[Redacted],[Redacted],[Redacted],[Redacted]
[Redacted],[Redacted],[Redacted],[Redacted],[Redacted]
[Redacted],[Redacted],[Redacted],[Redacted],[Redacted]
[Redacted],[Redacted],[Redacted],[Redacted],[Redacted]
[Redacted],[Redacted],[Redacted],[Redacted],[Redacted]
